overlaps_sQTLs	overlaps_sQTLs_4_same_gene	gene_has_sQTLs	TTC	TTG	TTT
0	0	1	0.022195561	0.019196161	0.061787642
0	0	0	0	0	0
1	1	1	0.017191048	0.023353876	0.064871878
0	0	1	0.030028329	0.019830028	0.04305949
0	0	1	0.009727626	0.023346304	0.048638132
1	1	1	0.005714286	0.017142857	0
0	0	1	0	0.012820513	0